[
{
  "name":"[B"
},
{
  "name":"[Lakka.actor.LightArrayRevolverScheduler$TaskQueue;"
},
{
  "name":"[Lakka.stream.stage.GraphStageLogic;"
},
{
  "name":"[Ljava.lang.Class;"
},
{
  "name":"akka.actor.ActorCell",
  "fields":[{"name":"akka$actor$dungeon$Children$$_childrenRefsDoNotCallMeDirectly"}, {"name":"akka$actor$dungeon$Children$$_functionRefsDoNotCallMeDirectly"}, {"name":"akka$actor$dungeon$Children$$_nextNameDoNotCallMeDirectly"}, {"name":"akka$actor$dungeon$Dispatch$$_mailboxDoNotCallMeDirectly"}]
},
{
  "name":"akka.actor.LightArrayRevolverScheduler",
  "methods":[{"name":"<init>","parameterTypes":["com.typesafe.config.Config","akka.event.LoggingAdapter","java.util.concurrent.ThreadFactory"] }]
},
{
  "name":"akka.actor.LightArrayRevolverScheduler$TaskHolder",
  "fields":[{"name":"task"}]
},
{
  "name":"akka.actor.LocalActorRefProvider",
  "methods":[{"name":"<init>","parameterTypes":["java.lang.String","akka.actor.ActorSystem$Settings","akka.event.EventStream","akka.actor.DynamicAccess"] }]
},
{
  "name":"akka.actor.LocalActorRefProvider$Guardian",
  "queryAllDeclaredConstructors":true,
  "methods":[{"name":"<init>","parameterTypes":["akka.actor.SupervisorStrategy"] }]
},
{
  "name":"akka.actor.LocalActorRefProvider$SystemGuardian",
  "queryAllDeclaredConstructors":true,
  "methods":[{"name":"<init>","parameterTypes":["akka.actor.SupervisorStrategy","akka.actor.ActorRef"] }]
},
{
  "name":"akka.actor.Props$EmptyActor",
  "methods":[{"name":"<init>","parameterTypes":[] }]
},
{
  "name":"akka.actor.RepointableActorRef",
  "fields":[{"name":"_cellDoNotCallMeDirectly"}, {"name":"_lookupDoNotCallMeDirectly"}]
},
{
  "name":"akka.actor.typed.ActorRef"
},
{
  "name":"akka.actor.typed.internal.MiscMessageSerializer",
  "methods":[{"name":"<init>","parameterTypes":["akka.actor.ExtendedActorSystem"] }]
},
{
  "name":"akka.actor.typed.internal.adapter.ActorRefAdapter"
},
{
  "name":"akka.actor.typed.internal.adapter.ActorSystemAdapter$LoadTypedExtensions$",
  "fields":[{"name":"MODULE$"}]
},
{
  "name":"akka.actor.typed.internal.receptionist.DefaultServiceKey"
},
{
  "name":"akka.actor.typed.internal.receptionist.ServiceKeySerializer",
  "methods":[{"name":"<init>","parameterTypes":["akka.actor.ExtendedActorSystem"] }]
},
{
  "name":"akka.actor.typed.receptionist.Receptionist$",
  "fields":[{"name":"MODULE$"}]
},
{
  "name":"akka.dispatch.AbstractNodeQueue",
  "fields":[{"name":"_tailDoNotCallMeDirectly"}]
},
{
  "name":"akka.dispatch.AbstractNodeQueue$Node",
  "fields":[{"name":"_nextDoNotCallMeDirectly"}]
},
{
  "name":"akka.dispatch.BoundedControlAwareMessageQueueSemantics"
},
{
  "name":"akka.dispatch.BoundedDequeBasedMessageQueueSemantics"
},
{
  "name":"akka.dispatch.BoundedMessageQueueSemantics"
},
{
  "name":"akka.dispatch.ControlAwareMessageQueueSemantics"
},
{
  "name":"akka.dispatch.DequeBasedMessageQueueSemantics"
},
{
  "name":"akka.dispatch.Dispatcher",
  "fields":[{"name":"executorServiceDelegate"}]
},
{
  "name":"akka.dispatch.Mailbox",
  "fields":[{"name":"_statusDoNotCallMeDirectly"}, {"name":"_systemQueueDoNotCallMeDirectly"}]
},
{
  "name":"akka.dispatch.MessageDispatcher",
  "fields":[{"name":"_inhabitantsDoNotCallMeDirectly"}, {"name":"_shutdownScheduleDoNotCallMeDirectly"}]
},
{
  "name":"akka.dispatch.MultipleConsumerSemantics"
},
{
  "name":"akka.dispatch.SingleConsumerOnlyUnboundedMailbox",
  "methods":[{"name":"<init>","parameterTypes":["akka.actor.ActorSystem$Settings","com.typesafe.config.Config"] }]
},
{
  "name":"akka.dispatch.UnboundedControlAwareMessageQueueSemantics"
},
{
  "name":"akka.dispatch.UnboundedDequeBasedMessageQueueSemantics"
},
{
  "name":"akka.dispatch.UnboundedMailbox",
  "methods":[{"name":"<init>","parameterTypes":["akka.actor.ActorSystem$Settings","com.typesafe.config.Config"] }]
},
{
  "name":"akka.dispatch.UnboundedMessageQueueSemantics"
},
{
  "name":"akka.event.DeadLetterListener",
  "methods":[{"name":"<init>","parameterTypes":[] }]
},
{
  "name":"akka.event.EventStreamUnsubscriber",
  "queryAllDeclaredConstructors":true,
  "methods":[{"name":"<init>","parameterTypes":["akka.event.EventStream","boolean"] }]
},
{
  "name":"akka.event.LoggerMailboxType",
  "methods":[{"name":"<init>","parameterTypes":["akka.actor.ActorSystem$Settings","com.typesafe.config.Config"] }]
},
{
  "name":"akka.event.LoggerMessageQueueSemantics"
},
{
  "name":"akka.event.slf4j.Slf4jLogger",
  "methods":[{"name":"<init>","parameterTypes":[] }]
},
{
  "name":"akka.event.slf4j.Slf4jLoggingFilter",
  "methods":[{"name":"<init>","parameterTypes":["akka.actor.ActorSystem$Settings","akka.event.EventStream"] }]
},
{
  "name":"akka.http.DefaultParsingErrorHandler$",
  "methods":[{"name":"<init>","parameterTypes":[] }]
},
{
  "name":"akka.http.impl.engine.client.PoolMasterActor",
  "methods":[{"name":"<init>","parameterTypes":[] }]
},
{
  "name":"akka.io.SelectionHandler",
  "queryAllDeclaredConstructors":true,
  "methods":[{"name":"<init>","parameterTypes":["akka.io.SelectionHandlerSettings"] }]
},
{
  "name":"akka.io.TcpIncomingConnection",
  "queryAllDeclaredConstructors":true,
  "methods":[{"name":"<init>","parameterTypes":["akka.io.TcpExt","java.nio.channels.SocketChannel","akka.io.ChannelRegistry","akka.actor.ActorRef","scala.collection.immutable.Iterable","boolean"] }]
},
{
  "name":"akka.io.TcpListener",
  "queryAllDeclaredConstructors":true,
  "methods":[{"name":"<init>","parameterTypes":["akka.actor.ActorRef","akka.io.TcpExt","akka.io.ChannelRegistry","akka.actor.ActorRef","akka.io.Tcp$Bind"] }]
},
{
  "name":"akka.io.TcpManager",
  "queryAllDeclaredConstructors":true,
  "methods":[{"name":"<init>","parameterTypes":["akka.io.TcpExt"] }]
},
{
  "name":"akka.pattern.PromiseActorRef",
  "fields":[{"name":"_stateDoNotCallMeDirectly"}, {"name":"_watchedByDoNotCallMeDirectly"}]
},
{
  "name":"akka.routing.ConsistentHashingPool",
  "methods":[{"name":"<init>","parameterTypes":["com.typesafe.config.Config"] }]
},
{
  "name":"akka.routing.RoundRobinPool",
  "methods":[{"name":"<init>","parameterTypes":["com.typesafe.config.Config"] }]
},
{
  "name":"akka.routing.RoutedActorCell$RouterActorCreator",
  "queryAllDeclaredConstructors":true,
  "methods":[{"name":"<init>","parameterTypes":["akka.routing.RouterConfig"] }]
},
{
  "name":"akka.serialization.BooleanSerializer",
  "methods":[{"name":"<init>","parameterTypes":["akka.actor.ExtendedActorSystem"] }]
},
{
  "name":"akka.serialization.ByteArraySerializer",
  "methods":[{"name":"<init>","parameterTypes":["akka.actor.ExtendedActorSystem"] }]
},
{
  "name":"akka.serialization.ByteStringSerializer",
  "methods":[{"name":"<init>","parameterTypes":["akka.actor.ExtendedActorSystem"] }]
},
{
  "name":"akka.serialization.DisabledJavaSerializer",
  "methods":[{"name":"<init>","parameterTypes":["akka.actor.ExtendedActorSystem"] }]
},
{
  "name":"akka.serialization.IntSerializer",
  "methods":[{"name":"<init>","parameterTypes":["akka.actor.ExtendedActorSystem"] }]
},
{
  "name":"akka.serialization.LongSerializer",
  "methods":[{"name":"<init>","parameterTypes":["akka.actor.ExtendedActorSystem"] }]
},
{
  "name":"akka.serialization.SerializationExtension$",
  "fields":[{"name":"MODULE$"}]
},
{
  "name":"akka.serialization.StringSerializer",
  "methods":[{"name":"<init>","parameterTypes":["akka.actor.ExtendedActorSystem"] }]
},
{
  "name":"akka.stream.SinkRef"
},
{
  "name":"akka.stream.SourceRef"
},
{
  "name":"akka.stream.SystemMaterializer$",
  "fields":[{"name":"MODULE$"}]
},
{
  "name":"akka.stream.impl.streamref.StreamRefsProtocol"
},
{
  "name":"akka.stream.serialization.StreamRefSerializer",
  "methods":[{"name":"<init>","parameterTypes":["akka.actor.ExtendedActorSystem"] }]
},
{
  "name":"akka.util.ByteString$ByteString1"
},
{
  "name":"akka.util.ByteString$ByteString1C"
},
{
  "name":"akka.util.ByteString$ByteStrings"
},
{
  "name":"apple.security.AppleProvider",
  "methods":[{"name":"<init>","parameterTypes":[] }]
},
{
  "name":"com.sun.crypto.provider.AESCipher$General",
  "methods":[{"name":"<init>","parameterTypes":[] }]
},
{
  "name":"com.sun.crypto.provider.ARCFOURCipher",
  "methods":[{"name":"<init>","parameterTypes":[] }]
},
{
  "name":"com.sun.crypto.provider.ChaCha20Cipher$ChaCha20Poly1305",
  "methods":[{"name":"<init>","parameterTypes":[] }]
},
{
  "name":"com.sun.crypto.provider.DESCipher",
  "methods":[{"name":"<init>","parameterTypes":[] }]
},
{
  "name":"com.sun.crypto.provider.DESedeCipher",
  "methods":[{"name":"<init>","parameterTypes":[] }]
},
{
  "name":"com.sun.crypto.provider.DHParameters",
  "methods":[{"name":"<init>","parameterTypes":[] }]
},
{
  "name":"com.sun.crypto.provider.GaloisCounterMode$AESGCM",
  "methods":[{"name":"<init>","parameterTypes":[] }]
},
{
  "name":"com.sun.crypto.provider.TlsMasterSecretGenerator",
  "methods":[{"name":"<init>","parameterTypes":[] }]
},
{
  "name":"java.io.Serializable"
},
{
  "name":"java.lang.Boolean"
},
{
  "name":"java.lang.ClassValue"
},
{
  "name":"java.lang.Integer"
},
{
  "name":"java.lang.Long"
},
{
  "name":"java.lang.String",
  "fields":[{"name":"value"}]
},
{
  "name":"java.lang.Thread",
  "fields":[{"name":"threadLocalRandomProbe"}]
},
{
  "name":"java.lang.invoke.VarHandle",
  "methods":[{"name":"releaseFence","parameterTypes":[] }]
},
{
  "name":"java.security.AlgorithmParametersSpi"
},
{
  "name":"java.security.KeyStoreSpi"
},
{
  "name":"java.security.SecureRandomParameters"
},
{
  "name":"java.util.concurrent.ForkJoinTask",
  "fields":[{"name":"aux"}, {"name":"status"}]
},
{
  "name":"java.util.concurrent.atomic.AtomicBoolean",
  "fields":[{"name":"value"}]
},
{
  "name":"java.util.concurrent.atomic.AtomicReference",
  "fields":[{"name":"value"}]
},
{
  "name":"java.util.concurrent.atomic.Striped64",
  "fields":[{"name":"base"}, {"name":"cellsBusy"}]
},
{
  "name":"javax.security.auth.x500.X500Principal",
  "fields":[{"name":"thisX500Name"}],
  "methods":[{"name":"<init>","parameterTypes":["sun.security.x509.X500Name"] }]
},
{
  "name":"jdk.internal.misc.Unsafe"
},
{
  "name":"scala.Boolean"
},
{
  "name":"scala.Int"
},
{
  "name":"scala.Long"
},
{
  "name":"sun.misc.Unsafe",
  "allDeclaredFields":true
},
{
  "name":"sun.reflect.Reflection"
},
{
  "name":"sun.security.pkcs12.PKCS12KeyStore",
  "methods":[{"name":"<init>","parameterTypes":[] }]
},
{
  "name":"sun.security.pkcs12.PKCS12KeyStore$DualFormatPKCS12",
  "methods":[{"name":"<init>","parameterTypes":[] }]
},
{
  "name":"sun.security.provider.DSA$SHA224withDSA",
  "methods":[{"name":"<init>","parameterTypes":[] }]
},
{
  "name":"sun.security.provider.DSA$SHA256withDSA",
  "methods":[{"name":"<init>","parameterTypes":[] }]
},
{
  "name":"sun.security.provider.NativePRNG",
  "methods":[{"name":"<init>","parameterTypes":[] }, {"name":"<init>","parameterTypes":["java.security.SecureRandomParameters"] }]
},
{
  "name":"sun.security.provider.SHA",
  "methods":[{"name":"<init>","parameterTypes":[] }]
},
{
  "name":"sun.security.provider.SHA2$SHA224",
  "methods":[{"name":"<init>","parameterTypes":[] }]
},
{
  "name":"sun.security.provider.SHA2$SHA256",
  "methods":[{"name":"<init>","parameterTypes":[] }]
},
{
  "name":"sun.security.provider.SHA5$SHA384",
  "methods":[{"name":"<init>","parameterTypes":[] }]
},
{
  "name":"sun.security.provider.SHA5$SHA512",
  "methods":[{"name":"<init>","parameterTypes":[] }]
},
{
  "name":"sun.security.provider.X509Factory",
  "methods":[{"name":"<init>","parameterTypes":[] }]
},
{
  "name":"sun.security.rsa.PSSParameters",
  "methods":[{"name":"<init>","parameterTypes":[] }]
},
{
  "name":"sun.security.rsa.RSAKeyFactory$Legacy",
  "methods":[{"name":"<init>","parameterTypes":[] }]
},
{
  "name":"sun.security.rsa.RSAPSSSignature",
  "methods":[{"name":"<init>","parameterTypes":[] }]
},
{
  "name":"sun.security.rsa.RSASignature$SHA224withRSA",
  "methods":[{"name":"<init>","parameterTypes":[] }]
},
{
  "name":"sun.security.ssl.KeyManagerFactoryImpl$SunX509",
  "methods":[{"name":"<init>","parameterTypes":[] }]
},
{
  "name":"sun.security.ssl.SSLContextImpl$DefaultSSLContext",
  "methods":[{"name":"<init>","parameterTypes":[] }]
},
{
  "name":"sun.security.ssl.TrustManagerFactoryImpl$PKIXFactory",
  "methods":[{"name":"<init>","parameterTypes":[] }]
},
{
  "name":"sun.security.x509.AuthorityInfoAccessExtension",
  "methods":[{"name":"<init>","parameterTypes":["java.lang.Boolean","java.lang.Object"] }]
},
{
  "name":"sun.security.x509.AuthorityKeyIdentifierExtension",
  "methods":[{"name":"<init>","parameterTypes":["java.lang.Boolean","java.lang.Object"] }]
},
{
  "name":"sun.security.x509.BasicConstraintsExtension",
  "methods":[{"name":"<init>","parameterTypes":["java.lang.Boolean","java.lang.Object"] }]
},
{
  "name":"sun.security.x509.CRLDistributionPointsExtension",
  "methods":[{"name":"<init>","parameterTypes":["java.lang.Boolean","java.lang.Object"] }]
},
{
  "name":"sun.security.x509.CertificatePoliciesExtension",
  "methods":[{"name":"<init>","parameterTypes":["java.lang.Boolean","java.lang.Object"] }]
},
{
  "name":"sun.security.x509.ExtendedKeyUsageExtension",
  "methods":[{"name":"<init>","parameterTypes":["java.lang.Boolean","java.lang.Object"] }]
},
{
  "name":"sun.security.x509.IssuerAlternativeNameExtension",
  "methods":[{"name":"<init>","parameterTypes":["java.lang.Boolean","java.lang.Object"] }]
},
{
  "name":"sun.security.x509.KeyUsageExtension",
  "methods":[{"name":"<init>","parameterTypes":["java.lang.Boolean","java.lang.Object"] }]
},
{
  "name":"sun.security.x509.NetscapeCertTypeExtension",
  "methods":[{"name":"<init>","parameterTypes":["java.lang.Boolean","java.lang.Object"] }]
},
{
  "name":"sun.security.x509.PrivateKeyUsageExtension",
  "methods":[{"name":"<init>","parameterTypes":["java.lang.Boolean","java.lang.Object"] }]
},
{
  "name":"sun.security.x509.SubjectAlternativeNameExtension",
  "methods":[{"name":"<init>","parameterTypes":["java.lang.Boolean","java.lang.Object"] }]
},
{
  "name":"sun.security.x509.SubjectKeyIdentifierExtension",
  "methods":[{"name":"<init>","parameterTypes":["java.lang.Boolean","java.lang.Object"] }]
},
{
  "name": "com.typesafe.sslconfig.ssl.DefaultHostnameVerifier",
  "allDeclaredConstructors": true,
  "allPublicConstructors": true
},
{
  "name": "java.util.logging.ConsoleHandler",
  "allDeclaredConstructors": true,
  "allPublicConstructors": true
},
{
  "name": "java.util.logging.SimpleFormatter",
  "allDeclaredConstructors": true,
  "allPublicConstructors": true
},

  {
    "name": "ch.qos.logback.classic.encoder.PatternLayoutEncoder",
    "condition": {
      "typeReachable": "ch.qos.logback.core.model.processor.ImplicitModelHandler"
    },
    "methods": [
      {
        "name": "<init>",
        "parameterTypes": []
      }
    ]
  },
  {
    "name": "ch.qos.logback.classic.pattern.CallerDataConverter",
    "condition": {
      "typeReachable": "ch.qos.logback.core.util.OptionHelper"
    },
    "methods": [
      {
        "name": "<init>",
        "parameterTypes": []
      }
    ]
  },
  {
    "name": "ch.qos.logback.classic.pattern.ClassOfCallerConverter",
    "condition": {
      "typeReachable": "ch.qos.logback.core.util.OptionHelper"
    },
    "methods": [
      {
        "name": "<init>",
        "parameterTypes": []
      }
    ]
  },
  {
    "name": "ch.qos.logback.classic.pattern.ContextNameConverter",
    "condition": {
      "typeReachable": "ch.qos.logback.core.util.OptionHelper"
    },
    "methods": [
      {
        "name": "<init>",
        "parameterTypes": []
      }
    ]
  },
  {
    "name": "ch.qos.logback.classic.pattern.DateConverter",
    "condition": {
      "typeReachable": "ch.qos.logback.core.util.OptionHelper"
    },
    "methods": [
      {
        "name": "<init>",
        "parameterTypes": []
      }
    ]
  },
  {
    "name": "ch.qos.logback.classic.pattern.ExtendedThrowableProxyConverter",
    "condition": {
      "typeReachable": "ch.qos.logback.core.util.OptionHelper"
    },
    "methods": [
      {
        "name": "<init>",
        "parameterTypes": []
      }
    ]
  },
  {
    "name": "ch.qos.logback.classic.pattern.FileOfCallerConverter",
    "condition": {
      "typeReachable": "ch.qos.logback.core.util.OptionHelper"
    },
    "methods": [
      {
        "name": "<init>",
        "parameterTypes": []
      }
    ]
  },
  {
    "name": "ch.qos.logback.classic.pattern.KeyValuePairConverter",
    "condition": {
      "typeReachable": "ch.qos.logback.core.util.OptionHelper"
    },
    "methods": [
      {
        "name": "<init>",
        "parameterTypes": []
      }
    ]
  },
  {
    "name": "ch.qos.logback.classic.pattern.LevelConverter",
    "condition": {
      "typeReachable": "ch.qos.logback.core.util.OptionHelper"
    },
    "methods": [
      {
        "name": "<init>",
        "parameterTypes": []
      }
    ]
  },
  {
    "name": "ch.qos.logback.classic.pattern.LineOfCallerConverter",
    "condition": {
      "typeReachable": "ch.qos.logback.core.util.OptionHelper"
    },
    "methods": [
      {
        "name": "<init>",
        "parameterTypes": []
      }
    ]
  },
  {
    "name": "ch.qos.logback.classic.pattern.LineSeparatorConverter",
    "condition": {
      "typeReachable": "ch.qos.logback.core.pattern.parser.Compiler"
    },
    "methods": [
      {
        "name": "<init>",
        "parameterTypes": []
      }
    ]
  },
  {
    "name": "ch.qos.logback.classic.pattern.LocalSequenceNumberConverter",
    "condition": {
      "typeReachable": "ch.qos.logback.core.util.OptionHelper"
    },
    "methods": [
      {
        "name": "<init>",
        "parameterTypes": []
      }
    ]
  },
  {
    "name": "ch.qos.logback.classic.pattern.LoggerConverter",
    "condition": {
      "typeReachable": "ch.qos.logback.core.util.OptionHelper"
    },
    "methods": [
      {
        "name": "<init>",
        "parameterTypes": []
      }
    ]
  },
  {
    "name": "ch.qos.logback.classic.pattern.MDCConverter",
    "condition": {
      "typeReachable": "ch.qos.logback.core.util.OptionHelper"
    },
    "methods": [
      {
        "name": "<init>",
        "parameterTypes": []
      }
    ]
  },
  {
    "name": "ch.qos.logback.classic.pattern.MarkerConverter",
    "condition": {
      "typeReachable": "ch.qos.logback.core.util.OptionHelper"
    },
    "methods": [
      {
        "name": "<init>",
        "parameterTypes": []
      }
    ]
  },
  {
    "name": "ch.qos.logback.classic.pattern.MessageConverter",
    "condition": {
      "typeReachable": "ch.qos.logback.core.pattern.parser.Compiler"
    },
    "methods": [
      {
        "name": "<init>",
        "parameterTypes": []
      }
    ]
  },
  {
    "name": "ch.qos.logback.classic.pattern.MethodOfCallerConverter",
    "condition": {
      "typeReachable": "ch.qos.logback.core.util.OptionHelper"
    },
    "methods": [
      {
        "name": "<init>",
        "parameterTypes": []
      }
    ]
  },
  {
    "name": "ch.qos.logback.classic.pattern.MicrosecondConverter",
    "condition": {
      "typeReachable": "ch.qos.logback.core.util.OptionHelper"
    },
    "methods": [
      {
        "name": "<init>",
        "parameterTypes": []
      }
    ]
  },
  {
    "name": "ch.qos.logback.classic.pattern.NopThrowableInformationConverter",
    "condition": {
      "typeReachable": "ch.qos.logback.core.util.OptionHelper"
    },
    "methods": [
      {
        "name": "<init>",
        "parameterTypes": []
      }
    ]
  },
  {
    "name": "ch.qos.logback.classic.pattern.PrefixCompositeConverter",
    "condition": {
      "typeReachable": "ch.qos.logback.core.util.OptionHelper"
    },
    "methods": [
      {
        "name": "<init>",
        "parameterTypes": []
      }
    ]
  },
  {
    "name": "ch.qos.logback.classic.pattern.PropertyConverter",
    "condition": {
      "typeReachable": "ch.qos.logback.core.util.OptionHelper"
    },
    "methods": [
      {
        "name": "<init>",
        "parameterTypes": []
      }
    ]
  },
  {
    "name": "ch.qos.logback.classic.pattern.RelativeTimeConverter",
    "condition": {
      "typeReachable": "ch.qos.logback.core.util.OptionHelper"
    },
    "methods": [
      {
        "name": "<init>",
        "parameterTypes": []
      }
    ]
  },
  {
    "name": "ch.qos.logback.classic.pattern.RootCauseFirstThrowableProxyConverter",
    "condition": {
      "typeReachable": "ch.qos.logback.core.util.OptionHelper"
    },
    "methods": [
      {
        "name": "<init>",
        "parameterTypes": []
      }
    ]
  },
  {
    "name": "ch.qos.logback.classic.pattern.SequenceNumberConverter",
    "condition": {
      "typeReachable": "ch.qos.logback.core.util.OptionHelper"
    },
    "methods": [
      {
        "name": "<init>",
        "parameterTypes": []
      }
    ]
  },
  {
    "name": "ch.qos.logback.classic.pattern.ThreadConverter",
    "condition": {
      "typeReachable": "ch.qos.logback.core.util.OptionHelper"
    },
    "methods": [
      {
        "name": "<init>",
        "parameterTypes": []
      }
    ]
  },
  {
    "name": "ch.qos.logback.classic.pattern.ThrowableProxyConverter",
    "condition": {
      "typeReachable": "ch.qos.logback.core.util.OptionHelper"
    },
    "methods": [
      {
        "name": "<init>",
        "parameterTypes": []
      }
    ]
  },
  {
    "name": "ch.qos.logback.classic.pattern.color.HighlightingCompositeConverter",
    "condition": {
      "typeReachable": "ch.qos.logback.core.util.OptionHelper"
    },
    "methods": [
      {
        "name": "<init>",
        "parameterTypes": []
      }
    ]
  },
  {
    "name": "ch.qos.logback.core.ConsoleAppender",
    "condition": {
      "typeReachable": "ch.qos.logback.core.model.processor.AppenderModelHandler"
    },
    "methods": [
      {
        "name": "<init>",
        "parameterTypes": []
      }
    ]
  },
  {
    "name": "ch.qos.logback.core.ConsoleAppender",
    "condition": {
      "typeReachable": "ch.qos.logback.core.util.OptionHelper"
    },
    "queryAllPublicMethods": true,
    "methods": [
      {
        "name": "setWithJansi",
        "parameterTypes": [
          "boolean"
        ]
      }
    ]
  },
  {
    "name": "ch.qos.logback.core.OutputStreamAppender",
    "condition": {
      "typeReachable": "ch.qos.logback.core.joran.util.PropertySetter"
    },
    "methods": [
      {
        "name": "setEncoder",
        "parameterTypes": [
          "ch.qos.logback.core.encoder.Encoder"
        ]
      }
    ]
  },
  {
    "name": "ch.qos.logback.core.encoder.LayoutWrappingEncoder",
    "condition": {
      "typeReachable": "ch.qos.logback.core.joran.util.PropertySetter"
    },
    "methods": [
      {
        "name": "setParent",
        "parameterTypes": [
          "ch.qos.logback.core.spi.ContextAware"
        ]
      }
    ]
  },
  {
    "name": "ch.qos.logback.core.pattern.IdentityCompositeConverter",
    "condition": {
      "typeReachable": "ch.qos.logback.core.util.OptionHelper"
    },
    "methods": [
      {
        "name": "<init>",
        "parameterTypes": []
      }
    ]
  },
  {
    "name": "ch.qos.logback.core.pattern.PatternLayoutEncoderBase",
    "condition": {
      "typeReachable": "ch.qos.logback.core.model.processor.ImplicitModelHandler"
    },
    "methods": [
      {
        "name": "setPattern",
        "parameterTypes": [
          "java.lang.String"
        ]
      }
    ]
  },
  {
    "name": "ch.qos.logback.core.pattern.ReplacingCompositeConverter",
    "condition": {
      "typeReachable": "ch.qos.logback.core.util.OptionHelper"
    },
    "methods": [
      {
        "name": "<init>",
        "parameterTypes": []
      }
    ]
  },
  {
    "name": "ch.qos.logback.core.pattern.color.BlackCompositeConverter",
    "condition": {
      "typeReachable": "ch.qos.logback.core.util.OptionHelper"
    },
    "methods": [
      {
        "name": "<init>",
        "parameterTypes": []
      }
    ]
  },
  {
    "name": "ch.qos.logback.core.pattern.color.BlueCompositeConverter",
    "condition": {
      "typeReachable": "ch.qos.logback.core.util.OptionHelper"
    },
    "methods": [
      {
        "name": "<init>",
        "parameterTypes": []
      }
    ]
  },
  {
    "name": "ch.qos.logback.core.pattern.color.BoldBlueCompositeConverter",
    "condition": {
      "typeReachable": "ch.qos.logback.core.util.OptionHelper"
    },
    "methods": [
      {
        "name": "<init>",
        "parameterTypes": []
      }
    ]
  },
  {
    "name": "ch.qos.logback.core.pattern.color.BoldCyanCompositeConverter",
    "condition": {
      "typeReachable": "ch.qos.logback.core.util.OptionHelper"
    },
    "methods": [
      {
        "name": "<init>",
        "parameterTypes": []
      }
    ]
  },
  {
    "name": "ch.qos.logback.core.pattern.color.BoldGreenCompositeConverter",
    "condition": {
      "typeReachable": "ch.qos.logback.core.util.OptionHelper"
    },
    "methods": [
      {
        "name": "<init>",
        "parameterTypes": []
      }
    ]
  },
  {
    "name": "ch.qos.logback.core.pattern.color.BoldMagentaCompositeConverter",
    "condition": {
      "typeReachable": "ch.qos.logback.core.util.OptionHelper"
    },
    "methods": [
      {
        "name": "<init>",
        "parameterTypes": []
      }
    ]
  },
  {
    "name": "ch.qos.logback.core.pattern.color.BoldRedCompositeConverter",
    "condition": {
      "typeReachable": "ch.qos.logback.core.util.OptionHelper"
    },
    "methods": [
      {
        "name": "<init>",
        "parameterTypes": []
      }
    ]
  },
  {
    "name": "ch.qos.logback.core.pattern.color.BoldWhiteCompositeConverter",
    "condition": {
      "typeReachable": "ch.qos.logback.core.util.OptionHelper"
    },
    "methods": [
      {
        "name": "<init>",
        "parameterTypes": []
      }
    ]
  },
  {
    "name": "ch.qos.logback.core.pattern.color.BoldYellowCompositeConverter",
    "condition": {
      "typeReachable": "ch.qos.logback.core.util.OptionHelper"
    },
    "methods": [
      {
        "name": "<init>",
        "parameterTypes": []
      }
    ]
  },
  {
    "name": "ch.qos.logback.core.pattern.color.CyanCompositeConverter",
    "condition": {
      "typeReachable": "ch.qos.logback.core.util.OptionHelper"
    },
    "methods": [
      {
        "name": "<init>",
        "parameterTypes": []
      }
    ]
  },
  {
    "name": "ch.qos.logback.core.pattern.color.GrayCompositeConverter",
    "condition": {
      "typeReachable": "ch.qos.logback.core.util.OptionHelper"
    },
    "methods": [
      {
        "name": "<init>",
        "parameterTypes": []
      }
    ]
  },
  {
    "name": "ch.qos.logback.core.pattern.color.GreenCompositeConverter",
    "condition": {
      "typeReachable": "ch.qos.logback.core.util.OptionHelper"
    },
    "methods": [
      {
        "name": "<init>",
        "parameterTypes": []
      }
    ]
  },
  {
    "name": "ch.qos.logback.core.pattern.color.MagentaCompositeConverter",
    "condition": {
      "typeReachable": "ch.qos.logback.core.util.OptionHelper"
    },
    "methods": [
      {
        "name": "<init>",
        "parameterTypes": []
      }
    ]
  },
  {
    "name": "ch.qos.logback.core.pattern.color.RedCompositeConverter",
    "condition": {
      "typeReachable": "ch.qos.logback.core.util.OptionHelper"
    },
    "methods": [
      {
        "name": "<init>",
        "parameterTypes": []
      }
    ]
  },
  {
    "name": "ch.qos.logback.core.pattern.color.WhiteCompositeConverter",
    "condition": {
      "typeReachable": "ch.qos.logback.core.util.OptionHelper"
    },
    "methods": [
      {
        "name": "<init>",
        "parameterTypes": []
      }
    ]
  },
  {
    "name": "ch.qos.logback.core.pattern.color.YellowCompositeConverter",
    "condition": {
      "typeReachable": "ch.qos.logback.core.util.OptionHelper"
    },
    "methods": [
      {
        "name": "<init>",
        "parameterTypes": []
      }
    ]
  }
]
