{
  "resources":{
    "includes":[{
      "pattern":"\\QMETA-INF/MANIFEST.MF\\E"
    }, {
      "pattern":"\\Qakka-http-version.conf\\E"
    }, {
      "pattern":"\\Qapplication.conf\\E"
    }, {
      "pattern":"\\Qreference.conf\\E"
    }, {
      "pattern":"\\Qversion.conf\\E"
    }, {
      "pattern":"java.base:\\Qjdk/internal/icu/impl/data/icudt72b/nfc.nrm\\E"
    }, {
      "pattern":"java.base:\\Qsun/net/www/content-types.properties\\E"
    },
      {
        "pattern": "\\QMETA-INF/services/ch.qos.logback.classic.spi.Configurator\\E",
        "condition": {
          "typeReachable": "ch.qos.logback.classic.util.ClassicEnvUtil"
        }
      },
      {
        "pattern": "\\QMETA-INF/services/org.slf4j.spi.SLF4JServiceProvider\\E",
        "condition": {
          "typeReachable": "org.slf4j.LoggerFactory"
        }
      },
      {
        "pattern": "\\Qorg/slf4j/impl/StaticLoggerBinder.class\\E",
        "condition": {
          "typeReachable": "org.slf4j.LoggerFactory"
        }
      }
    ]
  },
  "bundles":[]
}
