<?xml version="1.0" encoding="UTF-8"?>

<Configuration>
    <Appenders>
        <Console name="stdout">
            <PatternLayout>
                <pattern>%date{HH:mm:ss} %-5level %logger{0} [%X{akkaSource}] - %msg%n</pattern>
            </PatternLayout>
        </Console>
    </Appenders>

    <Loggers>
        <Logger name="rocks.heikoseeberger.bayer" level="${sys:loglevel.bayer:-info}"
                additivity="false">
            <AppenderRef ref="stdout"/>
        </Logger>

        <Root level="${sys:loglevel.root:-error}">
            <AppenderRef ref="stdout"/>
        </Root>
    </Loggers>
</Configuration>
